timestamp_sec,pos_x,pos_y,ori_w
1745869018.453184843,10.345948510498072,6.89292343110572,0.6348440723312411
1745869018.507045746,10.343599548118686,6.891704737287469,0.6353087253128064
1745869018.565065622,10.341829022893892,6.889758210526791,0.6358225948536311
1745869018.613628149,10.33930788374511,6.887958873693993,0.6369860689823733
1745869018.671122789,10.33715993485913,6.88427842375641,0.6370239730290471
1745869018.751373529,10.337237934086337,6.879009152417995,0.637353864884509
1745869018.805062294,10.330134074348063,6.871349260957712,0.639817357536548
1745869018.848181248,10.326863589567274,6.871977779061817,0.640151622619708
1745869018.888566971,10.331708306021536,6.880047889421529,0.6404500793060691
1745869018.946879148,10.3336815911726,6.879286219753583,0.6382099715350089
1745869018.998030663,10.329775601271564,6.874318810342333,0.6404055798009802
1745869019.037794352,10.328248466326356,6.876588138019617,0.640101886690391
1745869019.098592281,10.330524239488327,6.8784117369260285,0.6406918927980833
1745869019.140444756,10.333432347241766,6.882196856253826,0.6383124246598638
1745869019.191533804,10.341391869738702,6.886255775258733,0.6345913819036124
1745869019.258355856,10.343815091065443,6.889641148210035,0.6353756995003138
1745869019.304025650,10.344649353883852,6.8903512723991165,0.6346933942691438
1745869019.339956760,10.343633428193405,6.890552497480875,0.6348153895585147
1745869019.383930206,10.34296654136168,6.895302896974033,0.6349438451254028
1745869019.430039644,10.346697962842399,6.897107965093724,0.6337568839214862
1745869019.468805790,10.346615074942095,6.897487564955,0.6347211534319008
1745869019.515155077,10.343539935278557,6.893861799267469,0.6368015984168645
1745869019.573415518,10.344033628933992,6.8925761853969005,0.6360825370064133
1745869019.627655745,10.341160243606184,6.885142226918058,0.6375844232323306
1745869019.670428753,10.339713679141509,6.878875069216501,0.6377304090268013
1745869019.729691982,10.341286705069567,6.880855924928806,0.6372812512847396
1745869019.770387888,10.340710205404818,6.883996988499886,0.6361283498842651
1745869019.810888052,10.339721962856565,6.884606968813151,0.6366602707303334
1745869019.863747358,10.34072879960214,6.885348501563553,0.6363574133637281
1745869019.918228388,10.338399422840922,6.887368001884226,0.6365147428970198
1745869019.976801395,10.339606782112796,6.888085588092121,0.6367250360691056
1745869020.021968365,10.340165086854292,6.886933284830652,0.637210464499027
1745869020.080340385,10.341678748832125,6.887830600899573,0.6365207737356561
1745869020.122865677,10.342298282549418,6.887473511862757,0.6364544324744755
1745869020.188108444,10.340335953681862,6.88277778588237,0.6371706766009843
1745869020.251545191,10.340321618490583,6.881111451100422,0.637369699584023
1745869020.304959059,10.343231003124302,6.884030476497626,0.6362590432999141
1745869020.346370697,10.346369370256493,6.886984758299503,0.6361866728627787
1745869020.384597063,10.349118330136594,6.888622923081966,0.6354128107516456
1745869020.424601078,10.346727049030537,6.891627641877987,0.6358700392154382
1745869020.481638432,10.343511219562634,6.884058670599785,0.6367073912417249
1745869020.528072357,10.34328342536102,6.881804307781126,0.636187952292386
1745869020.573658466,10.335616252370732,6.878358503755054,0.6386660835425183
1745869020.621739626,10.338882141117654,6.8803532236923814,0.6396199190273518
1745869020.664602518,10.335797812889899,6.880795806242863,0.6392423147272782
1745869020.719358206,10.336164121196509,6.875992416922597,0.6358557293205468
1745869020.781447411,10.33627353383522,6.874655531241556,0.638377268271002
1745869020.819044828,10.338094612188115,6.878014703375337,0.6381811144932075
1745869020.867514610,10.337496198020887,6.880893323557595,0.6382749732974237
1745869020.926544428,10.335830152042526,6.879760551943782,0.6394054095386733
1745869020.968893051,10.335214623741885,6.87916567360002,0.6385884515061319
1745869021.033905506,10.330162731899778,6.877125445568115,0.6379960373406595
1745869021.076658726,10.334424333927375,6.879911582830008,0.638549386529411
1745869021.118947029,10.339498244635955,6.882784253649961,0.63787354379003
1745869022.044234514,10.30467048191528,6.857286376037554,0.6505457345025037
1745869022.099262238,10.306251619611691,6.861361166008849,0.64868537228771
1745869022.140589952,10.306699240673208,6.862965671331292,0.6500601753589487
1745869022.177392483,10.309666106799332,6.862317611448013,0.6506586848266313
1745869022.238716841,10.306392019797226,6.86096261773504,0.6500487084797415
1745869029.538902521,10.129693335307138,6.707017706027212,0.6956171901141255
1745869029.592817545,10.12968286423134,6.704603466708157,0.694726885224599
1745869029.653548717,10.123807010296453,6.707238986609553,0.7051850729927734
1745869029.755423784,10.129496752374926,6.711121881794986,0.7037888824384714
1745869029.808260918,10.140546222592603,6.7166070215827665,0.7021208159113209
1745869032.293092251,9.723686459377673,6.778819259946335,0.9879173575037057
1745869032.407735109,9.67885762117941,6.750569814461903,0.9908700354344743
1745869032.458221674,9.67294153800544,6.739771255621918,0.9913059272653
1745869032.506039143,9.651772789935004,6.733796082888094,0.9911757655030414
1745869032.552561760,9.636203071873627,6.739850899781539,0.9917781726216336
1745869038.222945452,10.519581950516077,6.757440795129407,0.7440547435198249
1745869038.384582520,10.475598133618002,6.792401177564093,0.7535130228211488
1745869038.420947313,10.521583462321436,6.771833972850813,0.7596411847611632
1745869038.466685295,10.525825324841195,6.774882497132984,0.7716092469566848
1745869038.487690210,10.527213163020912,6.780449916481131,0.7623489137696332
1745869042.761606932,10.46620693705116,6.9004083334306925,0.6689906527463657
1745869042.831009865,10.513946078072816,6.907969229433812,0.6559827996017071
1745869042.891461134,10.5523912415347,6.907530172504572,0.6479562574665733
1745869042.948462725,10.559041066057162,6.907433760535974,0.6450305660355945
1745869043.011464119,10.492981007310904,6.941260195497749,0.6447789022776507
1745869049.668041945,8.033274818473691,7.548525850114821,0.9991139939591909
1745869049.755426168,8.03881416494661,7.5522212450389645,0.9990389031546517
1745869049.816376686,8.05809402151639,7.538911809703467,0.9990230887293089
1745869049.864086628,8.035279925027016,7.536428094022716,0.9993064052689454
1745869049.904645920,8.03667209498527,7.524280233194119,0.9966131816107187
1745869050.929805756,7.444199490347384,7.28469125610045,0.9952164678629163
1745869050.990866899,7.438459447203101,7.277540708583876,0.9921829759668992
1745869051.029901028,7.4413437763289165,7.270086753551832,0.9871889741576669
1745869051.096679688,7.420763059528726,7.239485150278701,0.9801520167828427
1745869051.150293589,7.394118294343729,7.2139076094549,0.9689638934532286
1745869053.258492708,6.506892724958175,7.296248026573396,0.9973222844023418
1745869053.372898817,6.475473824779569,7.264974582794286,0.995790889696309
1745869053.412264585,6.467714706838374,7.257300066362722,0.9928152441109849
1745869053.439441204,6.46574448498554,7.2538887979016895,0.9906562849164005
1745869053.466970205,6.464008811911622,7.238696457341865,0.9887989717671998
1745869059.192440033,6.310177539246149,6.312200868209079,0.8143495009111895
1745869060.870914936,6.305872747341111,6.3111833415871015,0.8121303484510674
1745869060.926080704,6.277371380079437,6.321709609960575,0.8079085401757383
1745869060.988302469,6.261052781506073,6.328123649432469,0.8091029381327781
1745869061.058914185,6.254178324143196,6.3312766261155025,0.8053984298721264
1745869062.441515207,6.285922710206845,6.36733889039098,0.816932220291974
1745869062.469765186,6.289403928449554,6.370625294507708,0.8178065269015858
1745869062.501547098,6.2939538402533355,6.3756941476518625,0.8184032635560565
1745869062.534701824,6.296628597112294,6.3739525380459305,0.8188468297943415
1745869062.599042177,6.2982718397533155,6.374051452066608,0.8181181797317433
1745869064.736392975,6.295440460916408,6.36292311680582,0.8188341794165079
1745869064.867445946,6.294479669247666,6.361475426587519,0.8169800789810291
1745869064.906844616,6.29903383368997,6.364385030861396,0.818040780719873
1745869064.953032732,6.299139925341127,6.3655433881135455,0.8209900414052
1745869064.995030403,6.29800877747831,6.3694906224591525,0.8202376769670441
1745869070.207299709,6.314137874690116,6.431554151770712,0.8225693097681782
1745869070.235763550,6.313306281054047,6.432122675681351,0.8249801113358598
1745869070.271630526,6.316893313571354,6.434925730540395,0.8227468156967368
1745869070.301552296,6.314271518604193,6.432068341899013,0.8213056278116557
1745869070.334802151,6.313667362174334,6.435724389929332,0.8209267108426951
1745869078.711436987,6.283763022786879,6.354896648608891,0.8147718989325987
1745869078.825399399,6.276518188173553,6.358970605218865,0.8134975959886124
1745869078.872606516,6.276315988503489,6.357373056082724,0.8144639643858652
1745869078.945136547,6.274895945177783,6.355214134792088,0.816450247517813
1745869078.994439363,6.280577235357085,6.353984696050295,0.8165015144336503
1745869080.674798489,6.293442981520925,6.3455213056623965,0.8181586418967041
1745869080.736673594,6.2914851669920555,6.354143269367452,0.8198343021236065
1745869080.804341555,6.296384757696891,6.35900732850634,0.8201839341711281
1745869080.830691338,6.2975477845937835,6.366721074000941,0.8202840197932011
1745869080.873770952,6.298427966685278,6.370244883361222,0.8215793933640033
1745869082.248909473,6.303773898777877,6.410760834028286,0.8244661700693994
1745869082.287305832,6.30911030701944,6.409855458651776,0.8249984709569863
1745869082.333454370,6.321877058022364,6.412851801767088,0.8375256948070433
1745869082.371139526,6.318181128285397,6.416914677128217,0.826711104051494
1745869082.410578728,6.3143244014654645,6.41572311608348,0.8259690734381994
1745869086.996364594,6.274798953568494,6.317309985000638,0.815818469873667
1745869087.103920937,6.277808089758608,6.319194065820346,0.8164142563015329
1745869087.149990082,6.276941517999229,6.319371735873303,0.8167555322913965
1745869087.208966732,6.274655176791043,6.319049705220535,0.8177343160795276
1745869087.270136595,6.27275668047772,6.316406436192461,0.8172775626220958
1745869093.340655804,6.2650995572615,6.314592202422715,0.8173351330675913
1745869093.377371788,6.265451624273174,6.316765594566776,0.817010552786419
1745869093.424886465,6.26419131557114,6.317705332369199,0.8176665143088243
1745869093.475418329,6.261931756912518,6.316872632497386,0.8157378776384455
1745869093.516602039,6.263431181751901,6.3177819647590905,0.8167529132683782
1745869100.730174065,6.299257985138009,6.316725034998318,0.8144963972008117
1745869100.794831753,6.294486728066317,6.3172127774590745,0.8142341819720804
1745869100.833690405,6.295770753247926,6.3192787714057905,0.8152085072569698
1745869100.878251076,6.297757020919401,6.320267924084573,0.8142180673516892
1745869100.938181639,6.309397249451349,6.324874723876229,0.8303164346290667
1745869105.224349260,6.285419817058863,6.307242026660795,0.8142861863684618
1745869105.386184931,6.290680696793142,6.309451534231758,0.8175331552110863
1745869105.410317659,6.2862490331891845,6.312540517758221,0.815823951161946
1745869105.438911200,6.285122030095057,6.313510441304787,0.8152516340561555
1745869105.470762730,6.282900028820073,6.313771382925548,0.815173523158928
1745869111.639755487,6.283272799271754,6.32206202916579,0.8181627474185004
1745869111.742131233,6.28383797514638,6.319511304927731,0.8164670772239239
1745869111.789816141,6.284837154036389,6.318547006041258,0.8161238483790679
1745869111.819281816,6.280577078169586,6.3171193012533635,0.816013326533339
1745869111.854623318,6.281132875599516,6.318278444452595,0.8158501307337743
1745869115.185969353,6.286119287241172,6.320400821504468,0.8165183885935434
1745869115.216596365,6.286643902509553,6.3173770707638015,0.8188035618392001
1745869115.249090672,6.283994902196552,6.316252317145178,0.8167155946964755
1745869115.279413223,6.283999076986742,6.322498797643597,0.8180637487813821
1745869115.371588230,6.2937821995271435,6.327669211574965,0.8310891833961931
1745869119.816486120,6.222560740097546,6.426694843940926,0.77695186188555
1745869119.847407579,6.2229995272163166,6.431005080075264,0.7774434646160314
1745869119.893399954,6.223523152393751,6.435553181561968,0.7768591540865786
1745869119.924528122,6.229954115530682,6.431346807862748,0.7849546040884865
1745869119.975987434,6.234054164579346,6.429520308978753,0.7861232875167669
1745869121.470646858,6.255854600188647,6.47785010132651,0.8113115586515407
1745869121.496021748,6.253518830443196,6.479361265350283,0.8116829453683717
1745869121.531217337,6.253599393312248,6.479000794890217,0.8117551145755706
1745869121.582943916,6.253575810048264,6.478381879734302,0.8106194212432543
1745869121.634082794,6.2554391535391325,6.479714929617364,0.810942330017559
1745869127.233860493,6.286057206126945,6.437192810309757,0.8027172851432076
1745869127.855770588,6.271033638475438,6.439884462671436,0.805254001471858
1745869127.882897615,6.270982414258467,6.440846448411932,0.8054291809736498
1745869127.908970118,6.2669332670144255,6.440253427990649,0.8074135298733416
1745869127.934661150,6.269724053181837,6.440837410404098,0.8199617321184387
1745869134.303059816,6.234766400462636,6.392905505966036,0.8081984092679935
1745869134.334921598,6.227748342090683,6.387690688595276,0.8097287324194433
1745869134.364384174,6.227002631078373,6.386012530880444,0.8097080652110021
1745869134.400924444,6.222983416576048,6.374898331890369,0.8108310058591
1745869134.439652205,6.231998614791887,6.367309415346587,0.8097309312349732
1745869139.264979124,6.438191809562989,6.255020850579671,0.9079220990522651
1745869139.320702314,6.457232394777306,6.262074464358648,0.9041579334504819
1745869139.383448124,6.46687423990794,6.253866182022495,0.8969134029124542
1745869139.431562424,6.487372245944655,6.283651976008141,0.8944157553284443
1745869139.463660002,6.5010787835210815,6.2838807413665805,0.8879889758346297
1745869140.517594337,6.749062784229278,6.569251212790197,0.8473883793476229
1745869140.567148447,6.757251405798186,6.597416132259939,0.8425308588097865
1745869140.619658947,6.75914928115158,6.622099017771684,0.8372377390900558
1745869140.692800045,6.758325836905158,6.612064967184088,0.8507105662977302
1745869140.748126507,6.74638151679295,6.576976500470702,0.8782472433335367
1745869144.962898254,7.107068791492157,7.078075865572129,0.8466397515817584
1745869145.125046968,7.108015697351041,7.076790278365643,0.8460071099129216
1745869145.173978567,7.105520038525886,7.082077833202143,0.8459351964451385
1745869145.227941036,7.107171921096082,7.086138877270424,0.8465964065986799
1745869145.261075735,7.108133443870734,7.0880965829089,0.8463431705810243
1745869151.344480753,7.697347191139414,7.430414808156119,0.9621623377303075
1745869151.408131838,7.6937932582418,7.424062011164494,0.9619351155970782
1745869151.456583023,7.689542910654032,7.4216117274418245,0.9623141368893379
1745869151.510436773,7.689588121718563,7.424217060406055,0.9618177310107782
1745869151.559890270,7.687644700904862,7.4281199005199525,0.9619092997013144
1745869153.293382168,7.727287458518223,7.518005103109581,0.9730071160348185
1745869153.400144339,7.790320680914892,7.501570754253039,0.976046320618522
1745869153.438927650,7.801291919498118,7.495721494786177,0.9763129751218885
1745869153.468253851,7.807848848104682,7.495591912073221,0.9767509877765244
1745869153.510358334,7.810271861882436,7.497781976861423,0.9768612869523955
1745869157.467904806,8.627314359967228,7.478764368528841,0.994996308857616
1745869157.508120775,8.628445586834276,7.4741160652006196,0.9951364684701105
1745869157.563387871,8.619187655542497,7.477586006303035,0.9953460014486796
1745869157.631391525,8.622417038035165,7.470676750367636,0.9950507941937332
1745869157.684225321,8.624367127930118,7.46878087510668,0.9950353841993919
1745869160.070931673,8.676195016560404,7.450455912977409,0.9919945499958932
1745869160.239747524,8.708053715626942,7.440104966259937,0.991360469345446
1745869160.272439718,8.717041335509556,7.442487351401177,0.9911061463026769
1745869160.305570126,8.721434652328654,7.440404201026664,0.9912957635380252
1745869160.332542419,8.732389352462365,7.436109642316066,0.9910380026661675
1745869165.041502476,9.102970852991787,6.756439258719053,0.9240986288725479
1745869165.105099201,9.106742913813122,6.757731657847958,0.9240009293883498
1745869165.150834799,9.107189782954027,6.761506932091155,0.9238853572215965
1745869165.188992739,9.104884822841782,6.76531272571472,0.9243726559226729
1745869165.235224724,9.103454904557077,6.769228675549667,0.9242227928331987
1745869170.047973871,9.023089989998141,6.89508695241021,0.6974299920326025
1745869170.153265715,8.984185602629918,6.90056749268547,0.7018439868399574
1745869170.197115660,8.967027448481474,6.884422456934166,0.704501410650002
1745869170.257297516,8.97086022003516,6.89856744113562,0.7000367626892351
1745869170.318532467,8.971535918098258,6.913126809132875,0.7005208823358308
1745869173.229380846,9.177959077136688,6.292841976146431,0.7320369409869689
1745869173.285909891,9.185500355213296,6.229596665165718,0.729606166477772
1745869173.331093550,9.190224404313279,6.142643023308439,0.7248339414202619
1745869173.374418259,9.197114447779803,6.134620262234645,0.7207802176806747
1745869173.419945240,9.194291176350484,6.1392676287988746,0.7267070346917142
1745869178.178119659,8.9966847119785,4.925364246562464,0.036461261827163916
1745869178.217792273,8.990654990500888,4.942658639607438,0.034592271274315696
1745869178.292398214,8.997091030824418,4.967183145606333,0.033505704083366575
1745869178.331184387,8.994686590435395,4.994371080895278,0.03644730922578794
1745869178.385408878,9.025956110400312,5.029291132145857,0.03162262224862018
1745869179.535687923,9.344617538410205,5.472337056748444,-0.43416493698712477
1745869179.586829424,9.244987782671746,5.534946311523162,-0.4210657408649113
1745869179.651973248,9.099868442687006,5.586098338763931,-0.3443778573582747
1745869179.698687792,9.021389351899032,5.6036910890335525,-0.39121085953586754
1745869179.762653351,8.958944927355848,5.616709496630701,-0.3797630835463445
1745869186.225369215,8.750606482980924,6.25104030529654,0.6688063111805201
1745869186.289369106,8.715119970911223,6.227882201956151,0.649036488767371
1745869186.341274738,8.691100270797893,6.203264004649927,0.6651333558014259
1745869186.392105579,8.67803510197501,6.184134521284016,0.6680708899235543
1745869186.444734573,8.656375416156756,6.175725606232854,0.6957956563798988
1745869192.698678970,8.568331908939875,5.763726005765429,0.47934810663896377
1745869192.741118908,8.557468100850075,5.762203263257723,0.4858276642562958
1745869192.787080288,8.544052318608749,5.753099858117544,0.4824357537765967
1745869192.832343578,8.534638169360177,5.745149179887807,0.4803899815275246
1745869192.885021448,8.527577819099395,5.733872578764885,0.47627258583158594
1745869196.209153652,8.385770008062412,5.639057749806607,0.5086117388355071
1745869196.347196579,8.388501641135715,5.691055361661012,0.5109177256930435
1745869196.400169611,8.378861306278338,5.697792382175677,0.5113285651619254
1745869196.465751410,8.374446536604239,5.701637503262757,0.5119865414458151
1745869196.524665833,8.37451528530644,5.70201999889535,0.5135234449818374
1745869200.698013544,7.409768530863844,5.2798639543598,0.029266630382471216
1745869200.858154535,7.359945782865067,5.314385159435485,0.007461912447220406
1745869200.906450272,7.365644812778452,5.319905187041947,0.003334723606214929
1745869200.952827215,7.371189274733089,5.325496169012789,0.002462838187056358
1745869201.015579700,7.376611141471304,5.332949897785266,-0.0006478197387761445
1745869207.379529238,7.152490920219117,5.424296601579987,-0.03749131324363223
1745869207.502103329,7.129542760217559,5.427210332964808,-0.041620000323083946
1745869207.555939436,7.117513780221397,5.430798747885122,-0.042506527489045445
1745869207.620455027,7.092372149717351,5.436949153296795,-0.04380292674967119
1745869207.682304382,7.079027290819356,5.4404536880400896,-0.04544731179037728
1745869211.310809374,6.1466622901502435,5.736378230393681,-0.1965626788380188
1745869211.472253561,6.113013337890969,5.767194299505467,-0.24791172247472845
1745869211.500215769,6.091149994070051,5.783447497900508,-0.2579640910083874
1745869211.547269583,6.078594559502119,5.79669981215124,-0.26096083998492
1745869211.589823961,6.06313753064733,5.805766238646095,-0.26122586595579667
1745869217.999353647,5.798393104352953,6.9035442605941055,-0.719128306685151
1745869218.104987621,5.803684072854569,6.912355953199929,-0.7122232904791004
1745869218.159372807,5.8195503203746,6.925494939591294,-0.7232049803228598
1745869218.206971884,5.827000190422865,6.931250692342325,-0.729971285943307
1745869218.243955374,5.82828225975381,6.944494386585631,-0.7382310757933056
1745869223.467285395,6.10068798243994,7.429881695717171,-0.8541783808200253
1745869223.529580355,6.105230439224815,7.435100798832802,-0.8537424072460107
1745869223.600067854,6.1076937002621765,7.442584481636322,-0.8551359197091426
1745869223.665174723,6.11263284518331,7.44794916562998,-0.8529923701590044
1745869223.714893818,6.123686224458446,7.455017861038917,-0.8536531243715141
1745869224.935669184,6.227569023105751,7.480479129845909,-0.8799775204169408
1745869224.959205627,6.231460528972065,7.489435998402486,-0.8850703217631587
1745869224.986084700,6.239146631880188,7.490882633967363,-0.8842362182060911
1745869225.057107210,6.242778617143593,7.492757139228656,-0.8840667683457085
1745869225.101213455,6.251291118816349,7.497672868529462,-0.8823083461924348
1745869227.267040253,6.379605786193679,7.633578410761423,-0.9388714598875723
1745869227.453105927,6.387523013685033,7.629508841836207,-0.9359343405747436
1745869227.519179821,6.385078046576883,7.632037744171742,-0.9378170430153339
1745869227.569302082,6.385300359585729,7.633315557736539,-0.9378702813580742
1745869227.630434990,6.386411666422276,7.634534162062673,-0.9378745371878633
1745869234.050347090,6.38550823991833,7.638505274290226,-0.9386558840602023
1745869234.187520027,6.384476046385521,7.641239890852811,-0.9381166638245693
1745869234.230566025,6.384675749185592,7.6387553833876805,-0.9393532361388681
1745869234.273779631,6.38956930578282,7.642288117642818,-0.938344452200108
1745869234.328863621,6.389252883548657,7.644350217568427,-0.9382097181792776
1745869237.232175827,6.373145737426892,7.629920602327649,-0.9377866989789758
1745869237.275088072,6.371778086331557,7.63079525911858,-0.9380774528297094
1745869237.327522278,6.375629867071036,7.637017811501797,-0.9411598114147632
1745869237.395859480,6.374180349360827,7.640415802321816,-0.9406594704696668
1745869237.444591522,6.372681268080631,7.644966281363825,-0.939602083419689
1745869238.928233147,6.377506589886874,7.7295361912098475,-0.9467775719774728
1745869239.094954252,6.383761565945987,7.706730044257977,-0.9399824668581014
1745869239.137148857,6.383555793408722,7.704498799871344,-0.9410918477570748
1745869239.191120863,6.387643867012212,7.705258666706309,-0.9395442547780359
1745869239.227494955,6.389959148244321,7.706775541715657,-0.9377572415156549
1745869244.279976130,7.1732967824861795,8.091032057763188,-0.9993195659726655
1745869244.344566107,7.172227234638262,8.09121520923124,-0.9994569017268892
1745869244.392910480,7.116842895810425,8.093289318912557,-0.9993461460272189
1745869244.435085535,7.103827152958977,8.094286650687332,-0.9995209431576798
1745869244.497091532,7.083344852520883,8.094932824785674,-0.9994440528157217
1745869249.173726320,6.942438783218238,7.987347523136795,-0.9984328526645626
1745869249.909787416,7.273976073817138,7.83323723937328,-0.9721763639672156
1745869249.963186502,7.3191756678711,7.7938696796574325,-0.9751349594993439
1745869250.018278837,7.368173038703484,7.753149470800708,-0.9784168237648235
1745869250.077937365,7.41229513668697,7.722482476951072,-0.979236956066317
1745869253.261664391,6.6331954266619295,6.972111787467059,-0.8954544628415934
1745869253.371063709,6.613451839538848,6.924780880100858,-0.879425867927665
1745869253.416063309,6.607010563536569,6.907933441857236,-0.8869521340566126
1745869253.477259159,6.5933261308790865,6.879048151249833,-0.8931042369050771
1745869253.518703938,6.470322879824886,6.8137843864483365,-0.9180227380048835
1745869255.629984379,6.4169110313290005,6.094310998950361,-0.815842288847346
1745869255.668756723,6.433159043234483,6.147360871340501,-0.8195468354578068
1745869255.708999157,6.444358988051316,6.193365594996951,-0.8159842766687901
1745869255.744527340,6.4497185417904666,6.230156109554393,-0.8147467897850772
1745869255.779915094,6.452562529930918,6.273469175453545,-0.8082190045951142
1745869258.446349859,6.6755028065175415,6.658407876440307,-0.8283441548443184
1745869258.580100060,6.700395635922266,6.642871824160005,-0.8336058535424223
1745869258.633847237,6.7047780971963595,6.639928253880299,-0.834505356158003
1745869258.681357384,6.705233157550663,6.647446475528126,-0.8359354218507845
1745869258.720674753,6.703110225742516,6.659558273897178,-0.8346888357207922
1745869264.148018360,7.274648478772612,7.206509618794682,-0.9320566440709764
1745869264.285993099,7.2764027144019146,7.197968853832057,-0.9322574408408968
1745869264.336088896,7.273387472127107,7.198711865268492,-0.9311540448030934
1745869264.386138678,7.281925263328789,7.2058461623271715,-0.9335187524571107
1745869264.450999260,7.274995831953841,7.212322617612047,-0.932020068784485
1745869268.753301859,8.37589055434482,7.6727583615887305,-0.9996037473040471
1745869268.805574179,8.37783697804716,7.67690621413953,-0.9996210759575672
1745869268.856014490,8.377915704411661,7.677017501684532,-0.9996545553861416
1745869268.897521496,8.372221514406128,7.6786734761474555,-0.9996114157618093
1745869268.949305534,8.365915217304599,7.682252718414731,-0.999600162688213
1745869274.728153706,8.861173129126971,7.324482517089818,-0.9717620841199935
1745869274.780532598,8.86358243721592,7.323864735047536,-0.9716502250686067
1745869274.827442646,8.870995908598328,7.323628929597659,-0.9714848314201369
1745869274.854011536,8.861466050295654,7.327933796495984,-0.9720926625117055
1745869274.894607782,8.856686897535406,7.330836666069723,-0.9723090473583842
1745869275.830744267,8.865658017861685,7.332118997692188,-0.9719658825410629
1745869275.896686792,8.863071325111083,7.345273965909861,-0.9720010533460558
1745869275.964378595,8.853968493014474,7.347605810963744,-0.9723647362134678
1745869276.019742012,8.852252422098648,7.349842932571978,-0.9728216787718774
1745869276.078547478,8.852118439551184,7.348029712862433,-0.9723210108723535
1745869281.592924595,9.113538175025756,6.976198228537623,-0.9401497835944708
1745869281.836602449,9.153296519902934,6.953812136403809,-0.939151649311152
1745869281.882447004,9.162666420170511,6.950730977440598,-0.9389412562228987
1745869281.927187920,9.172414313797706,6.949996834158801,-0.9391266940578215
1745869281.959307909,9.16598617050095,6.950355441250456,-0.9386433320992336
1745869285.887886524,9.281881896204823,6.219109493787351,-0.7770543651308726
1745869285.953856230,9.28348771187855,6.2102629272067125,-0.7757409175651573
1745869286.018465042,9.27733936223469,6.2077983604367395,-0.7771768723809461
1745869286.077210665,9.282413735110346,6.207268678988277,-0.7756798194628075
1745869286.136777401,9.285072881325284,6.214958601493048,-0.7775324266987778
1745869290.285440445,9.128903295409975,6.041202479638315,-0.49755318888548544
1745869290.459551096,9.122861556928239,5.977697175347659,-0.4577587972535019
1745869290.505010128,9.107635987598961,5.939057979262099,-0.4549972564409503
1745869290.541062117,9.101484719839409,5.9200565647141925,-0.45020001856633957
1745869290.625215292,9.078554630157772,5.912845682412482,-0.4601350794940687
1745869293.949062586,9.041255509289037,6.1981360210008685,-0.43896572027896574
1745869293.998565912,9.034618001305757,6.182899595418781,-0.4344306045143024
1745869294.045930862,9.039334547590265,6.181245407220991,-0.436022928048131
1745869294.076312304,9.029514828641346,6.164497157321994,-0.4362854387541611
1745869294.112159729,9.027729127412929,6.155407118725513,-0.43317144134569596
1745869300.045644522,8.433664479638324,5.5144036269056675,-0.31989166123868684
1745869300.112540007,8.429258155728691,5.516053806020357,-0.3303287437177005
1745869300.171102285,8.421254808376682,5.51449771257871,-0.3307037284119281
1745869300.251672029,8.409313534141912,5.51650503865112,-0.3315602553923129
1745869300.299149990,8.39516271777765,5.514010197574794,-0.3327248315847465
1745869305.556082010,8.001773349064035,5.03613594269375,-0.41391009343489343
1745869305.594685316,7.996225272186402,5.033502058360364,-0.41980067782671304
1745869305.637475491,7.997176817339581,5.0379162191063855,-0.4331115069065768
1745869305.677585602,7.998931968665161,5.037169687028554,-0.4295794010224778
1745869305.719301462,8.009559644486195,5.030846272766738,-0.42801702986895557
1745869308.861908913,7.320870427543541,5.315419649101978,-0.03164966128025004
1745869308.980094194,7.319655021539085,5.316720174476724,-0.03374451641819511
1745869309.011089325,7.32029516694247,5.317251636511159,-0.03275002179540794
1745869309.043644428,7.32183096943375,5.318247805595563,-0.03354766032741347
1745869309.076633215,7.321079155883712,5.321984164574977,-0.034106233418862396
1745869313.158476591,7.5200133941727545,5.25459718597953,0.03127714609708178
1745869313.208717346,7.492399447873651,5.254952196866198,0.02998889844100631
1745869313.278464317,7.457863257146961,5.252179690333244,0.031826906371690535
1745869313.335379362,7.411965541133283,5.2551449304195526,0.035904363628019804
1745869313.389803410,7.337249126668432,5.261794437495991,0.02613241997450552
1745869316.548907995,7.203929576012076,5.292432488894445,0.03301885475736381
1745869316.643989325,7.197428235337211,5.285246388333908,0.04297746532771222
1745869316.682866096,7.191383650129628,5.285362798140736,0.04543781371255653
1745869316.717108488,7.184126856516248,5.2870146425050315,0.043784364394056675
1745869316.764614105,7.17823288890809,5.283254311642571,0.04198111639169354
1745869323.765851498,5.888952148844745,5.744197263129498,0.2823397302750061
1745869323.800975084,5.88117476634822,5.747576383460764,0.2856969018703571
1745869323.835829258,5.866097196619033,5.756211320442711,0.28615550746264046
1745869323.873767853,5.861758013246504,5.7646200832607475,0.2859663085155855
1745869323.908926725,5.862893705584965,5.762437571636817,0.2870241464966903
1745869325.075008869,5.797891381555291,5.945528318811656,0.3938907079937256
1745869325.136290073,5.793486914887046,5.951291638806961,0.3923980499535262
1745869325.194009542,5.792138542596372,5.9543609831995505,0.39439573017236446
1745869325.250221014,5.764044523892082,5.940268834861234,0.3795586610716759
1745869325.288520813,5.752795884841742,5.9391278732944475,0.3883164252341438
1745869326.318991423,5.738316462253371,6.063322454822948,0.4537190529092605
1745869326.357983828,5.735925703633475,6.061209730000337,0.45459924918163036
1745869326.392794847,5.7362222898233926,6.061933040030884,0.4545365288893654
1745869326.446086407,5.734777973750556,6.063350561578855,0.45248912696261445
1745869326.497383356,5.735397194288523,6.0648882835033,0.45453264842940105
1745869332.793996096,5.668917711498858,6.3282775969888325,0.6296874979733539
1745869332.956314325,5.672363646966286,6.36372584805914,0.6341408611025163
1745869332.999128819,5.685239020813446,6.379635470118603,0.6422695311980119
1745869333.036913633,5.690324375769723,6.388385004103275,0.6403033903672333
1745869333.077299118,5.6911015945046906,6.4005000965280425,0.6437605494740204
1745869340.062949896,5.866436389606808,7.077809423540648,0.779006231908049
1745869340.096867561,5.868151621402173,7.080876075385095,0.7805711442000145
1745869340.131734610,5.8719318165217915,7.084972176335384,0.7836765449146993
1745869340.175248861,5.878865744612599,7.0806613206591225,0.7786069414709184
1745869340.238101244,5.879996409209504,7.076019783044325,0.7783890609277675
1745869343.150458574,5.991464270183362,7.348528749028636,0.8556264244917277
1745869343.345036745,5.999823200767699,7.350411333238639,0.851588014672749
1745869343.402271271,5.999396364704184,7.349498522752391,0.8521072269645048
1745869343.454156399,5.992977670441759,7.349938505959237,0.8554032183051011
1745869343.508310318,5.992989856115101,7.345508944621753,0.8520524022493752
1745869346.321538925,6.2491406497917925,7.538842836082226,0.8942390729534409
1745869346.381446362,6.263151315791134,7.55219978166541,0.8964738619958058
1745869346.444455147,6.29834151844881,7.555787025219882,0.8941186097003487
1745869346.496310949,6.318685746421869,7.560603923084854,0.8937399490157043
1745869346.550123930,6.339571354314339,7.5640655779673684,0.8946541708448458
1745869352.314603806,6.584561019949034,7.659825110901174,0.9608723798880008
1745869352.454241991,6.66206770798988,7.655103772111193,0.9666318583911488
1745869352.522120476,6.670543072957642,7.6566382385237155,0.9691198725197513
1745869352.570689678,6.657061699268257,7.662653123230319,0.9723743726060193
1745869352.620678425,6.656614751487465,7.665010080015569,0.9723104530540643
1745869361.660957813,6.685947557528166,7.886290270847804,0.9996233403574742
1745869361.820101738,6.686114102914906,7.888299988891649,0.99963165905741
1745869361.866860390,6.687866703319581,7.891766536162466,0.9996207028002971
1745869361.934228659,6.688643327514595,7.889443765419696,0.9995841205481316
1745869361.975050926,6.687097993790589,7.8870048495415706,0.999609759358921
1745869364.397752762,6.681205163876515,7.8612284159353525,0.9999978781439238
1745869364.445452452,6.6688919778486255,7.861379214013564,0.9999937283653896
1745869364.490887880,6.628332919751471,7.868063123492754,0.9999379005270873
1745869364.556431055,6.645602146562087,7.864854303912524,0.9999986330118232
1745869364.605705738,6.639534157071742,7.866127141402539,0.9999990730187434
1745869365.770940065,6.831591577172031,7.783294094094911,0.9998463468525173
1745869365.827699900,6.8282858310455925,7.780163354561163,0.9998040280820888
1745869365.863924980,6.827019110060673,7.782873214431957,0.9997760434939985
1745869365.917815208,6.824699208316382,7.782864376204699,0.9997899212615434
1745869365.965399742,6.822332889003429,7.784703629397086,0.9998352078774211
1745869367.756407738,6.736305360955184,7.813281740043386,0.9999164422857242
1745869367.880038023,6.751510843071009,7.8164033792517404,0.9998967026468552
1745869367.938143730,6.747532090798508,7.811434554202144,0.9997822592517065
1745869367.996359587,6.742687013675398,7.809975522186274,0.9998314382725785
1745869368.059937000,6.738857341096714,7.808879963436739,0.9998177654445916
1745869373.970851421,6.859532763180729,7.666799563993409,0.9990621005812305
1745869374.142076015,6.853771689293561,7.66524214152594,0.9991698004141601
1745869374.203617096,6.853321348829016,7.670282149956892,0.9993572282080779
1745869374.273975611,6.854233337329537,7.672809205337497,0.999379256912427
1745869374.321053743,6.857109996524376,7.67655766445931,0.9993744445548575
1745869379.562511444,6.377504766531219,5.938665721558994,-0.8378099445757039
1745869379.600586653,6.372463219890822,5.91634976626269,-0.8370002240954988
1745869379.638731480,6.370408123736004,5.89331171298716,-0.8359991264406005
1745869379.674896717,6.368495209760817,5.874167289046964,-0.8351299483578123
1745869379.736372232,6.362369917523643,5.85598528934814,-0.8358221570194089
1745869384.138251543,5.604141713028466,5.046940170827306,-0.9529358758834117
1745869384.169522762,5.633210519200323,5.015648899594456,-0.9574627562125281
1745869384.228815556,5.6396649251873106,4.969705579080929,-0.9577471287026048
1745869384.280342817,5.643405372308478,4.946132667385688,-0.9607565888898385
1745869384.328489780,5.661474921153067,4.8998210606313055,-0.9544831077935432
1745869385.860145569,5.8891480532368625,4.843579177122552,-0.8818358028767465
1745869385.914455891,5.882844364615079,4.83264553051492,-0.8921968706919018
1745869385.963963032,5.857787134276143,4.822923281286366,-0.9126379203229382
1745869385.999621391,5.814834217400651,4.776277487520676,-0.9339243999880489
1745869386.044713497,5.76791330695694,4.728290806056394,-0.9474695576947674
1745869390.546906948,4.409756119404333,4.110024722545334,-0.7443534355934225
1745869390.730025053,4.391123291918048,4.097443118424008,-0.7525764833228303
1745869390.786445141,4.387622691186322,4.098611926570504,-0.7531682458890797
1745869390.872398615,4.387439062958313,4.097766328886228,-0.7525140134375785
1745869390.930197716,4.384879845821546,4.095533919153128,-0.7535157324880783
1745869398.620119333,3.9862823199081525,4.364227920914217,-0.8702656195321298
1745869398.657094717,3.9869187887824613,4.3637682914742095,-0.8723345777162047
1745869398.699764252,3.9889122576738654,4.362863069689931,-0.8698903350882837
1745869398.741739273,3.9860246329775397,4.363252960531834,-0.8733925103130888
1745869398.795590639,3.990357429583676,4.361503611040326,-0.8730087775330612
1745869402.724478245,3.9882525701780094,4.43419806608107,-0.5568055608663826
1745869402.785568476,3.9901530847165754,4.433966910172255,-0.5543541202564458
1745869402.836668968,3.988421249461926,4.4300632640533255,-0.5482438088426884
1745869402.879243851,3.9904303253462414,4.429058206635194,-0.5494802728080647
1745869402.923827171,3.9910023617528063,4.42836371750625,-0.5497667886817941
1745869404.294601917,3.9928690307140253,4.434644842033226,-0.5517031345242982
1745869404.322862387,3.9933278013520637,4.433689274452821,-0.5523725811191544
1745869404.367631674,3.9910792109833944,4.433599485902226,-0.5541739206492494
1745869404.412994146,3.9936113940595934,4.4400740385285715,-0.5543205603802254
1745869404.461597681,3.9952546703385066,4.442963911988445,-0.5525120849119476
1745869407.325746298,3.526226394434386,4.383671385699834,-0.7680524869516601
1745869407.440866709,3.496014618629285,4.32704407596571,-0.7715637531696137
1745869407.495948553,3.489167950297291,4.31233385832876,-0.7726851899949388
1745869407.525582552,3.4806684250890854,4.297444896565991,-0.7736354548726411
1745869407.563262939,3.4754255397990432,4.282654806821509,-0.7745318270753446
1745869413.682706356,3.216351105577734,3.657134486761496,-0.796699638758426
1745869413.828145266,3.215294208856246,3.639786289772201,-0.7911558520795587
1745869413.891107321,3.217397510931831,3.6294928264022417,-0.7916843810051717
1745869413.951226234,3.2170592614633113,3.6250124922106193,-0.7884610959714243
1745869414.006158352,3.2214993367798055,3.6248144150884234,-0.7918239705669108
1745869420.254548788,3.219984391742583,3.61121293802597,-0.7914841844965657
1745869420.323306084,3.2227953918483503,3.611112044830888,-0.7911486095653244
1745869420.387197733,3.221780706132169,3.6111255066012213,-0.7924526384405515
1745869420.459821224,3.2241354156377753,3.613160174574501,-0.7913625341194264
1745869420.519964218,3.2215624340072635,3.6154185592398917,-0.7909681515480542
1745869421.593858957,3.206464203000059,3.655902592465413,-0.7960801367629704
1745869421.680126667,3.205930853804498,3.654090607011238,-0.796586083043651
1745869421.760854721,3.2081845334868158,3.6579282277762504,-0.7957636487163557
1745869421.830034494,3.2106837597234588,3.6606012650514006,-0.7957503076685349
1745869421.914760113,3.213740883354766,3.661404594864081,-0.7941902084703993
1745869423.054168224,3.210142201782471,3.6560621218458573,-0.7966758684215205
1745869423.105709076,3.209523683581716,3.655678211550762,-0.7968877825277894
1745869423.216161966,3.2116216224110268,3.658282832655275,-0.7972911893800283
1745869423.288780689,3.2096479800700086,3.6599044174466786,-0.7982409992620453
1745869423.370708466,3.209757968841187,3.661763041918938,-0.7976499692327684
1745869428.105055809,3.2108821856933494,3.669175361053972,-0.7948786693268522
1745869428.266814709,3.2160843302902813,3.6705265936739275,-0.8017683199899097
1745869428.315979481,3.2168381329477,3.6715278614797215,-0.8017801370312319
1745869428.360710144,3.215161953981842,3.6721206118953216,-0.800935524608493
1745869428.410287380,3.217766817726472,3.670863265838846,-0.8020979166389476
